<?xml version="1.0" encoding="UTF-8"?>
<Module>
	<namespace>Thunderhawk\Modules\Frontend</namespace>
	<name>frontend</name>
				
	<info>
		<author>Thunderhawk</author>
		<description>
			<long>
			</long>
			<short></short>
		</description>
	</info>

	<version>
		<release>0</release>
		<major>0</major>
		<minor>1</minor>
	</version>

	<template>
		<engine extension="phtml">php</engine>
		<engine extension="html">volt</engine>
	</template>
				
	<routing>
		<route name="frontend$index" controller="index" action="index"></route>
		<route name="frontend$sign" controller="index" action="sign">login</route>
		<route name="frontend$logout" controller="index" action="logout">logout</route>
		<route name="frontend$forgot" controller="index" action="forgot">forgot-password</route>
		<route name="frontend$reset" controller="index" action="reset">reset-password</route>
	</routing>
	
	<required>
	</required>
</Module>