[
    {
        "name": "swiftmailer/swiftmailer",
        "version": "v5.4.1",
        "version_normalized": "5.4.1.0",
        "source": {
            "type": "git",
            "url": "https://github.com/swiftmailer/swiftmailer.git",
            "reference": "0697e6aa65c83edf97bb0f23d8763f94e3f11421"
        },
        "dist": {
            "type": "zip",
            "url": "https://api.github.com/repos/swiftmailer/swiftmailer/zipball/0697e6aa65c83edf97bb0f23d8763f94e3f11421",
            "reference": "0697e6aa65c83edf97bb0f23d8763f94e3f11421",
            "shasum": ""
        },
        "require": {
            "php": ">=5.3.3"
        },
        "require-dev": {
            "mockery/mockery": "~0.9.1,<0.9.4"
        },
        "time": "2015-06-06 14:19:39",
        "type": "library",
        "extra": {
            "branch-alias": {
                "dev-master": "5.4-dev"
            }
        },
        "installation-source": "dist",
        "autoload": {
            "files": [
                "lib/swift_required.php"
            ]
        },
        "notification-url": "https://packagist.org/downloads/",
        "license": [
            "MIT"
        ],
        "authors": [
            {
                "name": "Chris Corbyn"
            },
            {
                "name": "Fabien Potencier",
                "email": "fabien@symfony.com"
            }
        ],
        "description": "Swiftmailer, free feature-rich PHP mailer",
        "homepage": "http://swiftmailer.org",
        "keywords": [
            "email",
            "mail",
            "mailer"
        ]
    }
]
