<?xml version="1.0" encoding="UTF-8"?>
<Module>
	<namespace>Vendor\Backend</namespace>
	<name>backend</name>
				
	<info>
		<author>Vendor</author>
		<description>
			<long>
			</long>
			<short></short>
		</description>
	</info>

	<version>
		<release>0</release>
		<major>0</major>
		<minor>1</minor>
	</version>

	<template>
		<engine extension="phtml">php</engine>
		<engine extension="html">volt</engine>
	</template>
				
	<routing>
		<route name="backend$index" controller="index" action="index">panel</route>
		<route name="backend$index" controller="index" action="1">panel/:action</route>
		<route name="backend$chat" controller="chat" action="index">panel/chat</route>
	</routing>
	
	<required>
	</required>
</Module>